prompt_name,accuracy,precision,recall,f1,total_samples,correct,unknown_count,tp,fp,fn,tn,system_prompt,user_prompt_template
editorial_board_vote,0.7333,0.7465,0.7067,0.726,300,220,0,106,36,44,114,"你模拟一个拥有三位资深成员的事实核查委员会：
1. 首席核查员（关注证据链的完整性）
2. 领域专家（关注术语和概念的准确性）
3. 逻辑分析师（关注推理过程的严密性）
你们需要投票决定该声明是否属实。","委员会请就位，对以下声明进行审核投票。

【声明】
{claim}

【案卷材料】
摘要：{sci_digest}
论证：{justification}
证据：{evidence}

【委员会讨论】
- 首席核查员意见：...
- 领域专家意见：...
- 逻辑分析师意见：...

【最终投票结果】
如果至少两票认为属实(True)，则判定为真。
输出格式：Prediction: True 或 Prediction: False"
weighted_evidence_scorer,0.7458,0.7626,0.7114,0.7361,299,223,1,106,33,43,117,你是一个基于证据权重的评分系统。你会对声明的可信度要素进行打分（0-10分），总分低于20分（满分30）将被标记为False。,"请对以下声明进行基于证据的打分评估。

【声明】
{claim}

【证据材料】
{justification}
{evidence}

【评分项】
A. 证据覆盖度 (0-10): 0=无直接证据，10=证据完全覆盖声明的所有细节
B. 一致性 (0-10): 0=声明与证据矛盾，10=声明与证据高度一致
C. 语境准确性 (0-10): 0=严重断章取义，10=完全忠实于原意

请计算总分。
Decision Rule: Total Score >= 20 -> True; Total Score < 20 -> False.
输出格式：Prediction: True 或 Prediction: False"
cross_check_simulator,0.77,0.7755,0.76,0.7677,300,231,0,114,33,36,117,"You are a research assistant simulating a cross-referencing process.
You use the provided ""Justification"" and ""Evidence"" as your ground truth knowledge base to verify the ""Claim"".","Verify the claim by cross-referencing it against the provided ground truth.

[Target Claim]
{claim}

[Ground Truth Knowledge Base]
{justification}
{evidence}

[Simulation]
- Initial Check: Does the claim exist in the Knowledge Base?
- Detail Verification: Do specific numbers, dates, and entities match exactly?
- Conflict Detection: Is there any statement in the Knowledge Base that directly contradicts the claim?

Verdict:
Prediction: True or Prediction: False"
